Workbook

Sheet Summary
A1: PMS (Planned Maintenance System) — UAT Test Cases
A2: Comprehensive Test Case Document for User Acceptance Testing
A3: Generated: 16 Mar 2026
A5: MODULE | B5: SHEET NAME | C5: TOTAL TEST CASES | D5: PASSED | E5: FAILED | F5: PASS RATE (%)
A6: 1. Components | B6: Components Module | C6: 50 | D6: =COUNTIF('Components Module'!I:I,"Pass") | E6: =COUNTIF('Components Module'!I:I,"Fail") | F6: =IF(C6=0,0,ROUND(D6/C6*100,1))
A7: 2. Work Orders | B7: Work Orders Module | C7: 168 | D7: =COUNTIF('Work Orders Module'!I:I,"Pass") | E7: =COUNTIF('Work Orders Module'!I:I,"Fail") | F7: =IF(C7=0,0,ROUND(D7/C7*100,1))
A8: 3. Running Hours | B8: Running Hours Module | C8: 35 | D8: =COUNTIF('Running Hours Module'!I:I,"Pass") | E8: =COUNTIF('Running Hours Module'!I:I,"Fail") | F8: =IF(C8=0,0,ROUND(D8/C8*100,1))
A9: 4. Spares | B9: Spares Module | C9: 40 | D9: =COUNTIF('Spares Module'!I:I,"Pass") | E9: =COUNTIF('Spares Module'!I:I,"Fail") | F9: =IF(C9=0,0,ROUND(D9/C9*100,1))
A10: 5. Stores | B10: Stores Module | C10: 25 | D10: =COUNTIF('Stores Module'!I:I,"Pass") | E10: =COUNTIF('Stores Module'!I:I,"Fail") | F10: =IF(C10=0,0,ROUND(D10/C10*100,1))
A11: 6. Reports | B11: Reports Module | C11: 35 | D11: =COUNTIF('Reports Module'!I:I,"Pass") | E11: =COUNTIF('Reports Module'!I:I,"Fail") | F11: =IF(C11=0,0,ROUND(D11/C11*100,1))
A12: 7. Dashboard & Notifications | B12: Dashboard & Notifications | C12: 52 | D12: =COUNTIF('Dashboard & Notifications'!I:I,"Pass") | E12: =COUNTIF('Dashboard & Notifications'!I:I,"Fail") | F12: =IF(C12=0,0,ROUND(D12/C12*100,1))
A13: TOTAL | C13: =SUM(C6:C12) | D13: =SUM(D6:D12) | E13: =SUM(E6:E12) | F13: =IF(C13=0,0,ROUND(D13/C13*100,1))
A15: TEST ENVIRONMENT DETAILS
A16: Application | B16: PMS — Planned Maintenance System
A17: Version | B17: v1.0 (UAT)
A18: Environment | B18: UAT / Staging
A19: URL | B19: [To be provided]
A20: Browser | B20: Chrome (latest), Firefox (latest), Edge (latest)
A21: Test Period | B21: [Start Date] to [End Date]
A22: Test Lead | B22: [Name]
A24: TESTING INSTRUCTIONS
A25: 1. Navigate to the relevant module sheet for the area being tested.
A26: 2. Follow the Test Steps column exactly as described.
A27: 3. Use the Test Data provided (or substitute equivalent valid/invalid data).
A28: 4. Compare the actual result with the Expected Result.
A29: 5. Mark Pass/Fail in column I. Use "Blocked" if a prerequisite prevents testing.
A30: 6. Record any issues, bugs, or observations in the Comments column.
A31: 7. Enter your name and the test date in columns K and L.
A32: 8. Priority guide: High = must pass for go-live, Medium = important, Low = nice-to-have.
A34: KNOWN ISSUES / LIMITATIONS
A35: (To be updated during testing)

Sheet Components Module
A1: Test Case ID | B1: Module/Section | C1: Test Scenario | D1: Priority | E1: Test Steps | F1: Test Data | G1: Expected Result | H1: Actual Result | I1: Pass/Fail | J1: Comments/Issues | K1: Tester Name | L1: Test Date | M1: How to Test
A2: COMP-001 | B2: Component List | C2: View all components list | D2: High | E2: 1. Navigate to Components module from sidebar 2. Verify the component list page loads 3. Check that components are displayed in a table format 4. Verify column headers are visible | F2: Navigate to /components | G2: Component list page loads with all components displayed in table format with columns: Code, Name, Department, Maintenance Basis, Criticality, Status | M2: HOW TO TEST: 1. Log in to RSMS and click "PMS" in the top menu bar. 2. In the left sidebar, click "Components" to open the Components page. 3. In the top-right vessel dropdown, select a vessel (e.g., "Vessel 11"). 4. Wait for the component tree to load in the left panel. 5. VERIFY: The component tree displays a hierarchical list of components grouped under main categories (1-Engine, 2-Deck, etc.). 6. VERIFY: Each component shows its code and name (e.g., "702.005.01 - FO Separators No.01"). 7. VERIFY: Clicking on any component in the tree reveals its details in the right panel (Component Information section). 8. VERIFY: The total component count is displayed at the top of the tree panel.
A3: COMP-002 | B3: Component List | C3: Pagination - 10 items per page | D3: Medium | E3: 1. Navigate to Components list 2. Select "10" from items per page dropdown 3. Verify only 10 items are displayed 4. Navigate to next page | F3: Items per page: 10 | G3: Only 10 components displayed per page. Pagination controls show correct page count. Next/Previous buttons work correctly | M3: HOW TO TEST: 1. Navigate to PMS > Components from the sidebar. 2. Select a vessel from the dropdown to load components. 3. Look for the items-per-page dropdown at the bottom of the component tree (if pagination exists) or count the visible components. 4. The component tree in RSMS uses a hierarchical tree view rather than a flat paginated list. Nodes are expanded/collapsed by clicking the chevron arrows. 5. VERIFY: If a pagination control exists, select "10" and confirm only 10 top-level items display per page. 6. VERIFY: Navigation controls (Next/Previous) work if pagination is present. NOTE: The current RSMS component view uses an expandable tree structure. If no explicit pagination dropdown exists, document this as "Tree view - pagination not applicable" in the Comments column.
A4: COMP-003 | B4: Component List | C4: Pagination - 25 items per page | D4: Medium | E4: 1. Navigate to Components list 2. Select "25" from items per page dropdown 3. Verify 25 items displayed | F4: Items per page: 25 | G4: 25 components displayed per page | M4: HOW TO TEST: 1. Navigate to PMS > Components from the sidebar. 2. Select a vessel from the dropdown. 3. If the component tree has a pagination or items-per-page selector at the bottom, select "25". 4. VERIFY: Up to 25 top-level items are displayed per page. NOTE: If the tree view does not have explicit page-size controls, note "Tree view without pagination selector" in Comments.
A5: COMP-004 | B5: Component List | C5: Pagination - 50 items per page | D5: Low | E5: 1. Navigate to Components list 2. Select "50" from items per page dropdown | F5: Items per page: 50 | G5: 50 components displayed per page | M5: HOW TO TEST: 1. Navigate to PMS > Components and select a vessel. 2. If pagination controls exist, select "50" from the items-per-page dropdown. 3. VERIFY: Up to 50 items display per page. NOTE: Same caveat as COMP-002/003 regarding tree view pagination.
A6: COMP-005 | B6: Component List | C6: Pagination - 100 items per page | D6: Low | E6: 1. Navigate to Components list 2. Select "100" from items per page dropdown | F6: Items per page: 100 | G6: 100 components displayed per page | M6: HOW TO TEST: 1. Navigate to PMS > Components and select a vessel. 2. If pagination controls exist, select "100" from the items-per-page dropdown. 3. VERIFY: Up to 100 items display per page and performance remains acceptable (page loads within a few seconds). NOTE: Same caveat as COMP-002/003 regarding tree view pagination.
A7: COMP-006 | B7: Component List | C7: Sorting by component code | D7: Medium | E7: 1. Navigate to Components list 2. Click on "Code" column header 3. Verify ascending sort 4. Click again for descending sort | F7: Click Code column header | G7: Components sort alphabetically by code ascending, then descending on second click | M7: HOW TO TEST: 1. Navigate to PMS > Components and select a vessel. 2. Look at the component tree — it is sorted by component code by default (e.g., 101, 102, 201, 301, etc.). 3. If a sort toggle or column header for "Code" exists, click it to change sort direction. 4. VERIFY: Components are ordered by their numeric component code. 5. VERIFY: After toggling sort, the order reverses (descending) or returns to ascending.
A8: COMP-007 | B8: Component List | C8: Sorting by component name | D8: Medium | E8: 1. Navigate to Components list 2. Click "Name" column header 3. Verify ascending/descending toggle | F8: Click Name column header | G8: Components sort by name ascending/descending | M8: HOW TO TEST: 1. Navigate to PMS > Components and select a vessel. 2. If a sort option for "Component Name" exists (column header or dropdown), click it. 3. VERIFY: Components rearrange alphabetically by name. 4. VERIFY: Clicking again reverses the order (Z-A). NOTE: The tree view may not support sorting by name independently. If not available, note in Comments.
A9: COMP-008 | B9: Component List | C9: Search by component code | D9: High | E9: 1. Navigate to Components list 2. Enter a known component code in search field 3. Verify filtered results | F9: Search: "ME" or known code | G9: Only components matching the search term are displayed. Results update as user types | M9: HOW TO TEST: 1. Navigate to PMS > Components and select a vessel with components loaded. 2. Locate the search bar at the top of the component tree panel (magnifying glass icon). 3. Type a component code (e.g., "702.005") into the search bar. 4. VERIFY: The tree filters to show only components whose code matches or contains "702.005". 5. VERIFY: Parent nodes auto-expand to reveal matching child components. 6. Clear the search field and VERIFY that the full tree reappears.
A10: COMP-009 | B10: Component List | C10: Search by component name | D10: High | E10: 1. Navigate to Components list 2. Enter component name in search 3. Verify results filter | F10: Search: "Main Engine" or known name | G10: Only matching components displayed | M10: HOW TO TEST: 1. Navigate to PMS > Components and select a vessel. 2. In the search bar at the top of the tree panel, type a component name (e.g., "pump" or "separator"). 3. VERIFY: The tree filters to show only components whose name contains the search text. 4. VERIFY: Matching components are highlighted or their parent nodes auto-expand. 5. Clear the search and VERIFY the full tree returns.
A11: COMP-010 | B11: Component List | C11: Filter by vessel | D11: High | E11: 1. Navigate to Components list 2. Select a vessel from vessel dropdown 3. Verify components filter by selected vessel | F11: Select: Vessel 3 | G11: Only components for selected vessel are shown. Component count updates | M11: HOW TO TEST: 1. Navigate to PMS > Components. 2. Locate the vessel dropdown in the top-right area of the page (or the global vessel selector bar). 3. Select a different vessel (e.g., switch from "Vessel 11" to "Vessel 14"). 4. VERIFY: The component tree refreshes and shows components for the newly selected vessel. 5. VERIFY: Component count updates to reflect the new vessel's data. 6. Switch back to the original vessel and VERIFY the tree reloads correctly.
A12: COMP-011 | B12: Component List | C12: Filter by maintenance basis | D12: Medium | E12: 1. Navigate to Components list 2. Filter by Calendar maintenance basis 3. Then filter by Running Hours | F12: Filter: Calendar, then Running Hours | G12: Components filter correctly by maintenance basis type | M12: HOW TO TEST: 1. Navigate to PMS > Components and select a vessel. 2. Look for a "Maintenance Basis" filter dropdown or checkbox above or beside the component tree. 3. If the filter exists, select "Calendar" and VERIFY only calendar-based components show. 4. Select "Running Hours" and VERIFY only RH-based components show. NOTE: The current RSMS Components page may not have a maintenance basis filter at the component list level (maintenance basis is a Job-level concept). If this filter does not exist, note "Filter not available — maintenance basis is at Job level" in Comments.
A13: COMP-012 | B13: Component List | C13: Component count display | D13: Medium | E13: 1. Navigate to Components list 2. Verify total component count is displayed 3. Apply filters and verify count updates | F13: N/A | G13: Total component count displayed and updates when filters are applied | M13: HOW TO TEST: 1. Navigate to PMS > Components and select a vessel. 2. Look for a component count display near the top of the tree panel (e.g., "Total Components: 3622" or a count shown in the header area). 3. VERIFY: The count is visible and matches the actual number of components loaded. 4. Apply a search filter (e.g., type "pump") and VERIFY the count updates to reflect filtered results.
... A51: COMP-050 | B51: Edge Cases | C51: Special characters in name | D51: Low | E51: 1. Create component with special chars in name 2. Save and verify | F51: Name: "ME 1/2 (Port) — Main" | G51: Component saved with special characters intact. Displayed correctly | M51: HOW TO TEST: 1. Navigate to PMS > Components and click "+ Add / Edit Component". 2. Select a parent component. 3. In the Component Name field, enter a name with special characters: 'Test & Component "Alpha" <Beta> / Gamma (100%) #1' 4. Fill other required fields and click "Save". 5. VERIFY: The component saves without error. 6. VERIFY: Special characters are preserved when viewing the component (not escaped or garbled). 7. VERIFY: The component appears correctly in the tree and detail views. 8. VERIFY: Search still works when searching for the special characters (e.g., search for "&" or "#1").

Sheet Work Orders Module
A1: Test Case ID | B1: Module/Section | C1: Test Scenario | D1: Priority | E1: Test Steps | F1: Test Data | G1: Expected Result | H1: Actual Result | I1: Pass/Fail | J1: Comments/Issues | K1: Tester Name | L1: Test Date | M1: How to Test
A2: WO-001 | B2: WO List & Filtering | C2: View all work orders | D2: High | E2: 1. Navigate to Work Orders from sidebar 2. Verify WO list page loads 3. Check table columns visible | F2: Navigate to /pms/work-orders | G2: Work Orders page loads. Table displays: Component, Work Order No, Job Title, Assigned to, Due Date, Status, Actions | M2: HOW TO TEST: 1. Log in to RSMS and click "PMS" in the top menu bar. 2. In the left sidebar, click "Work orders". 3. Select a vessel from the vessel dropdown. 4. VERIFY: The Work Orders list page loads showing a table with columns: Work Order No, Job Title, Component, Assigned To, Due Date, Status. 5. VERIFY: Status tabs appear at the top: Planned, Due, Overdue, Pending Approval, Completed — each with a count badge. 6. VERIFY: The "Planned" tab is selected by default. 7. VERIFY: Work orders are listed with their current data.
A3: WO-002 | B3: WO List & Filtering | C3: Filter by Planned status tab | D3: High | E3: 1. Click "Planned" status tab 2. Verify count badge 3. Verify filtered results | F3: Click: Planned tab | G3: Only Planned work orders displayed. Count badge matches number of results. Blue status badges shown | M3: HOW TO TEST: 1. Navigate to PMS > Work orders and select a vessel. 2. Click the "Planned" tab at the top. 3. VERIFY: Only work orders with "Active" or "Postponed" status are shown. 4. VERIFY: The count badge on the "Planned" tab matches the number of rows displayed. 5. VERIFY: No "Due", "Overdue", "Pending Approval", or "Completed" items appear in this tab.
A4: WO-003 | B4: WO List & Filtering | C4: Filter by Due status tab | D4: High | E4: 1. Click "Due" status tab 2. Verify count and results | F4: Click: Due tab | G4: Only Due work orders shown. Orange status badges. Count matches results | M4: HOW TO TEST: 1. Navigate to PMS > Work orders and select a vessel. 2. Click the "Due" tab. 3. VERIFY: Only work orders within the warning window (due within 30 days for Calendar, or within 720 RH for Running Hours) are displayed. 4. VERIFY: Items that are past their due date but within grace period ("Grace P") also appear here. 5. VERIFY: The count badge matches the number of visible rows. 6. VERIFY: Status badges show "Due" or "Due (Grace P)" in yellow/orange.
A5: WO-004 | B5: WO List & Filtering | C5: Filter by Overdue status tab | D5: High | E5: 1. Click "Overdue" status tab 2. Verify count and results | F5: Click: Overdue tab | G5: Only Overdue work orders shown. Red status badges. Count matches results | M5: HOW TO TEST: 1. Navigate to PMS > Work orders and select a vessel. 2. Click the "Overdue" tab. 3. VERIFY: Only work orders that have breached their due date AND exceeded the grace period are shown. 4. VERIFY: Status badges show "Overdue" in red. 5. VERIFY: The count badge on the tab matches the row count. 6. VERIFY: These represent items that need immediate attention.
A6: WO-005 | B6: WO List & Filtering | C6: Filter by Pending Approval tab | D6: High | E6: 1. Click "Pending Approval" tab 2. Verify count and results | F6: Click: Pending Approval tab | G6: Only Pending Approval work orders shown. Count matches | M6: HOW TO TEST: 1. Navigate to PMS > Work orders and select a vessel. 2. Click the "Pending Approval" tab. 3. VERIFY: Only work orders submitted for approval (completed by crew but not yet approved by superintendent) are shown. 4. VERIFY: Status badges show "Pending Approval" in purple. 5. VERIFY: The count badge matches. 6. VERIFY: Each work order in this tab should have completion details already filled in.
A7: WO-006 | B7: WO List & Filtering | C7: Filter by Completed tab | D7: High | E7: 1. Click "Completed" tab 2. Verify count and results | F7: Click: Completed tab | G7: Only Completed work orders shown with completion dates | M7: HOW TO TEST: 1. Navigate to PMS > Work orders and select a vessel. 2. Click the "Completed" tab. 3. VERIFY: Only work orders with "Completed" status (approved and closed) are shown. 4. VERIFY: Status badges show "Completed" in green. 5. VERIFY: The count badge matches. 6. VERIFY: These work orders have both completion data and approval information.
A8: WO-007 | B8: WO List & Filtering | C8: Count badges on tabs | D8: High | E8: 1. View all status tabs 2. Verify each has a count badge 3. Sum of all counts = total WOs | F8: N/A | G8: Each tab shows accurate count badge. Counts reflect actual number of WOs in each status | M8: HOW TO TEST: 1. Navigate to PMS > Work orders and select a vessel. 2. Look at each status tab: Planned, Due, Overdue, Pending Approval, Completed. 3. VERIFY: Each tab has a numeric count badge next to its label. 4. VERIFY: The counts are non-negative numbers. 5. Add up all tab counts and compare with the total number of non-execution work orders. 6. VERIFY: Counts update dynamically when work orders change status (e.g., after approving a pending WO, the Pending Approval count decreases and Completed count increases).
A9: WO-008 | B9: WO List & Filtering | C9: Vessel filter dropdown | D9: High | E9: 1. Select vessel from dropdown 2. Verify WO list filters by vessel | F9: Select: Vessel 3 | G9: Only work orders for selected vessel shown. All counts and tabs update | M9: HOW TO TEST: 1. Navigate to PMS > Work orders. 2. Locate the vessel filter dropdown (top area of the page or global vessel selector). 3. Select "Vessel 11" and note the work orders displayed. 4. Switch to "Vessel 14" and VERIFY the list refreshes with different work orders. 5. Switch to "All Vessels" (if available) and VERIFY work orders from multiple vessels appear. 6. VERIFY: Tab counts update to reflect the selected vessel's data.
A10: WO-009 | B10: WO List & Filtering | C10: Period filter | D10: Medium | E10: 1. Select "This Month" from Period dropdown 2. Then select "Last Month" 3. Then "This Quarter" | F10: Period: This Month, Last Month, This Quarter | G10: Work orders filtered by selected period. Results show only WOs with due dates in selected range | M10: HOW TO TEST: 1. Navigate to PMS > Work orders and select a vessel. 2. Locate the "Period" filter dropdown. 3. Select different period options (e.g., "This Month", "This Quarter", "This Year"). 4. VERIFY: Work orders filter to show only items within the selected period. 5. For RH-based periods (if available): select "RH - Next 250 hrs", "RH - Next 500 hrs", "RH - Next 1000 hrs". 6. VERIFY: Only Running Hours-based work orders appear when an RH filter is selected, and only those within the specified threshold. 7. Clear the period filter and VERIFY all work orders return.
A11: WO-010 | B11: WO List & Filtering | C11: Rank filter | D11: Medium | E11: 1. Select "All Ranks" from rank filter 2. Then select "3rd Engineer" 3. Then "Chief Engineer" | F11: Rank: 3rd Engineer | G11: Work orders filtered by assigned rank | M11: HOW TO TEST: 1. Navigate to PMS > Work orders and select a vessel. 2. Locate the "Rank" filter dropdown. 3. VERIFY: The dropdown lists ranks/roles found in existing work orders (e.g., "Chief Engineer", "2nd Engineer", "Bosun"). 4. Select a rank (e.g., "Chief Engineer"). 5. VERIFY: Only work orders assigned to that rank are displayed. 6. Clear the filter and VERIFY all work orders return.
A12: WO-011 | B12: WO List & Filtering | C12: Criticality filter | D12: Medium | E12: 1. Select a criticality level from filter 2. Verify filtered results | F12: Criticality: High | G12: Only work orders with selected criticality shown | M12: HOW TO TEST: 1. Navigate to PMS > Work orders and select a vessel. 2. Locate the "Criticality" filter dropdown. 3. Select "Critical". 4. VERIFY: Only work orders marked as critical (criticality = "Yes") are shown. 5. Select "Non-Critical". 6. VERIFY: Only non-critical work orders appear. 7. Clear the filter and VERIFY all work orders return.
A13: WO-012 | B13: WO List & Filtering | C13: Combine multiple filters | D13: High | E13: 1. Select Vessel + Period + Rank filters together 2. Verify combined filtering | F13: Vessel: Vessel 3 Period: This Month Rank: Chief Engineer | G13: Filters combine correctly. Only WOs matching ALL criteria shown | M13: HOW TO TEST: 1. Navigate to PMS > Work orders and select a vessel. 2. Apply multiple filters simultaneously: - Set Period to a specific range - Set Rank to a specific role - Set Criticality to "Critical" - Type a search term in the search bar 3. VERIFY: Results reflect ALL filters combined (AND logic). 4. VERIFY: Tab counts update to reflect the filtered subset. 5. Clear one filter at a time and VERIFY the results expand appropriately.
... A169: WO-168 | B169: Chatbot | C169: Clear chat messages | D169: Low | E169: 1. Open chat with messages 2. Click clear/reset button | F169: Click: clear | G169: Chat history cleared. Fresh conversation started | M169: HOW TO TEST: 1. Open the chatbot panel. 2. Have a multi-turn conversation (ask a question, get a response, ask a follow-up). 3. VERIFY: The chatbot maintains context across messages. 4. VERIFY: Follow-up questions relate to the previous context. 5. VERIFY: The conversation history is visible in the chat panel.

Sheet Running Hours Module
A1: Test Case ID | B1: Module/Section | C1: Test Scenario | D1: Priority | E1: Test Steps | F1: Test Data | G1: Expected Result | H1: Actual Result | I1: Pass/Fail | J1: Comments/Issues | K1: Tester Name | L1: Test Date | M1: How to Test
A2: RH-001 | B2: RH Dashboard | C2: View RH dashboard | D2: High | E2: 1. Navigate to Running Hours from sidebar 2. Verify page loads 3. Check table columns | F2: Navigate to Running Hrs | G2: RH page loads with columns: Component Code, Component Name, Current RH, Last Updated, Last Updated By, Utilization Rate | M2: HOW TO TEST: 1. Log in to RSMS and click "PMS" in the top menu bar. 2. In the left sidebar, click "Running Hrs". 3. Select a vessel from the vessel dropdown. 4. VERIFY: The Running Hours dashboard loads showing a table of parent components with RH tracking. 5. VERIFY: Each row shows: Component, Component Code, Category, Running Hours (cumulative), Last Updated, Utilization Rate, Period Running Hours. 6. VERIFY: The utilization rate column has a progress bar visualization.
A3: RH-002 | B3: RH Dashboard | C3: Vessel filter | D3: High | E3: 1. Select vessel from dropdown 2. Verify components filter | F3: Select: Vessel 3 | G3: Only components for selected vessel shown | M3: HOW TO TEST: 1. Navigate to PMS > Running Hrs. 2. Look at the "Utilization Rate" column. 3. VERIFY: Each component shows a percentage value. 4. VERIFY: The utilization rate has a colored progress bar (green for normal, amber for moderate, red for high). 5. VERIFY: The period selector (Weekly/Monthly/Quarterly/Yearly) changes the utilization calculation. 6. Change the period and VERIFY utilization rates update.
A4: RH-003 | B4: RH Dashboard | C4: Search by component | D4: High | E4: 1. Enter component name/code in search 2. Verify results | F4: Search: "Main Engine" | G4: Only matching components displayed | M4: HOW TO TEST: 1. Navigate to PMS > Running Hrs. 2. Look at each component's "Last Updated" column. 3. VERIFY: Dates are displayed in a readable format (e.g., "15 Mar 2026 14:30"). 4. VERIFY: Components with recent updates show recent dates. 5. VERIFY: No dates show as "Invalid Date" or "NaN".
A5: RH-004 | B5: RH Dashboard | C5: Sort by each column | D5: Medium | E5: 1. Click each column header 2. Verify ascending/descending | F5: Click: column headers | G5: Columns sort correctly. Sort indicator shown | M5: HOW TO TEST: 1. Navigate to PMS > Running Hrs. 2. Use the search bar at the top to filter components. 3. Type a component name (e.g., "Main Engine"). 4. VERIFY: The table filters to show only matching components. 5. Clear the search and VERIFY all components reappear.
A6: RH-005 | B6: RH Dashboard | C6: Pagination | D6: Medium | E6: 1. Navigate through pages 2. Change items per page | F6: Click: page numbers | G6: Pagination works. Items per page changes | M6: HOW TO TEST: 1. Navigate to PMS > Running Hrs. 2. Change the vessel dropdown. 3. VERIFY: The running hours data refreshes for the newly selected vessel. 4. VERIFY: Component list changes to reflect the new vessel's equipment.
A7: RH-006 | B7: RH Dashboard | C7: Utilization rate display | D7: High | E7: 1. View utilization rate column 2. Verify color coding | F7: N/A | G7: Green: 0-50%, Yellow: 51-75%, Orange: 76-90%, Red: 91-100% | M7: HOW TO TEST: 1. Navigate to PMS > Running Hrs. 2. Find the period selector (Weekly/Monthly/Quarterly/Yearly dropdown). 3. Select "Weekly". 4. VERIFY: Utilization rates and period running hours update to show weekly data. 5. Switch to "Quarterly". 6. VERIFY: Values change to reflect the quarterly period. 7. VERIFY: The column header updates to show the selected period.
A8: RH-007 | B8: RH Dashboard | C8: Utilization rate tooltip | D8: Medium | E8: 1. Hover over utilization percentage 2. Verify tooltip details | F8: Hover on rate | G8: Tooltip shows calculation details and period | M8: HOW TO TEST: 1. Navigate to PMS > Running Hrs. 2. Look for a component that shows "Inherited" children count. 3. Click on it (or look for a child-components icon/button). 4. VERIFY: A popup or expandable section shows the child components that inherit RH from this parent. 5. VERIFY: Each child shows its current cumulative RH. 6. VERIFY: Child RH values match the parent (for inherited components).
A9: RH-008 | B9: RH Dashboard | C9: Last Updated By column | D9: Medium | E9: 1. View Last Updated By column 2. Verify shows user name | F9: N/A | G9: Column shows the name of the user who last updated RH for each component | M9: HOW TO TEST: 1. Navigate to PMS > Running Hrs. 2. Check for components with data quality warnings. 3. VERIFY: If a component has suspicious data (e.g., extremely high utilization > 100%), a warning indicator appears. 4. VERIFY: The warning provides context about the issue. 5. VERIFY: Normal components do NOT show false warnings.
A10: RH-009 | B10: Update RH | C10: Manual RH update | D10: High | E10: 1. Click Update/Edit for a component 2. Enter new RH value 3. Enter update date 4. Save | F10: New RH: 1500 Date: 13-Mar-2026 | G10: RH value updated. Success message. Timestamp and Last Updated By updated | M10: HOW TO TEST: 1. Navigate to PMS > Running Hrs. 2. Click the pencil/edit icon on a component row. 3. VERIFY: An update dialog opens. 4. The dialog shows: - Component name - Current (old) running hours value - Field to enter new value - Date updated field - Comments field 5. Enter a new RH value (higher than current). 6. Fill in the date and comments. 7. Click "Update". 8. VERIFY: Running hours update in the table. 9. VERIFY: A success toast appears.
A11: RH-010 | B11: Update RH | C11: RH cannot decrease | D11: High | E11: 1. Enter RH lower than current value 2. Try to save | F11: Current: 1500 New: 1400 | G11: Error: "Running hours cannot decrease". Save blocked | M11: HOW TO TEST: 1. Open the RH update dialog for a component. 2. Note the "Update Mode" options: "Set Total" and "Add Delta". 3. Select "Set Total" and enter a new cumulative value (e.g., 5500). 4. Click Update. 5. VERIFY: The component's RH changes to exactly 5500. 6. Now open the dialog again, select "Add Delta" and enter a delta (e.g., 100). 7. Click Update. 8. VERIFY: The component's RH increases by 100 (now 5600).
A12: RH-011 | B12: Update RH | C12: Non-numeric value | D12: High | E12: 1. Enter non-numeric value in RH field 2. Try to save | F12: Enter: "abc" | G12: Error: "Enter valid number". Field rejects non-numeric input | M12: HOW TO TEST: 1. Open the RH update dialog for a component. 2. Enter a value LESS than the current reading. 3. Click Update. 4. VERIFY: A validation error or confirmation dialog appears. 5. VERIFY: The system warns that the new value is lower (potential data entry error). 6. If entering 0, VERIFY a "Zero RH Renewal Confirmation" dialog appears asking for the renewal reason.
A13: RH-012 | B13: Update RH | C13: Negative value | D13: Medium | E13: 1. Enter negative RH value 2. Try to save | F13: Enter: -100 | G13: Error: "RH must be positive". Save blocked | M13: HOW TO TEST: 1. Open the RH update dialog. 2. Check the "Meter Replaced" checkbox. 3. VERIFY: Additional fields appear: "Old Meter Final Reading" and "New Meter Start Reading". 4. Enter the old meter's final reading and the new meter's start value. 5. Click Update. 6. VERIFY: The system calculates new cumulative RH correctly (old cumulative + new meter reading). 7. VERIFY: The meter replacement is recorded in history.
... A36: RH-035 | B36: Edge Cases | C36: Rapid successive updates | D36: Low | E36: 1. Update RH for same component twice in quick succession 2. Verify both recorded | F36: Update 1: 500 Update 2: 510 | G36: Both updates recorded in history with correct timestamps | M36: HOW TO TEST: 1. Navigate to PMS > Running Hrs. 2. Try to enter an extremely large RH value (e.g., 9,999,999). 3. VERIFY: The system either accepts it or shows a reasonable upper limit error. 4. VERIFY: The display handles large numbers correctly (proper formatting with commas). 5. VERIFY: Utilization calculations remain accurate with large values.

Sheet Spares Module
A1: Test Case ID | B1: Module/Section | C1: Test Scenario | D1: Priority | E1: Test Steps | F1: Test Data | G1: Expected Result | H1: Actual Result | I1: Pass/Fail | J1: Comments/Issues | K1: Tester Name | L1: Test Date | M1: How to Test
A2: SP-001 | B2: Spares List | C2: View all spares | D2: High | E2: 1. Navigate to Spares module 2. Verify spares list loads 3. Check columns | F2: Navigate to /spares | G2: Spares list loads with columns: Part No, Description, Current Stock, Min Stock, Max Stock, Location, Status | M2: HOW TO TEST: 1. Log in to RSMS and click "PMS" in the top menu bar. 2. In the left sidebar, click "Spares". 3. Select a vessel from the vessel dropdown. 4. VERIFY: The Spares list page loads showing a table of spare parts. 5. VERIFY: Columns include: Part Number, Part Name, Component, ROB (Remaining on Board), Min Stock, Unit, Location. 6. VERIFY: Data loads without errors.
A3: SP-002 | B3: Spares List | C3: Vessel filter | D3: High | E3: 1. Select vessel from dropdown 2. Verify spares filter | F3: Select: Vessel 3 | G3: Only spares for selected vessel shown | M3: HOW TO TEST: 1. Navigate to PMS > Spares and select a vessel. 2. Look at the bottom of the spares table for pagination controls. 3. VERIFY: Page navigation works (Next, Previous, page numbers). 4. VERIFY: Items per page can be changed (10, 25, 50). 5. VERIFY: Total count is displayed.
A4: SP-003 | B4: Spares List | C4: Search by part number | D4: High | E4: 1. Enter part number in search 2. Verify results | F4: Search: known part no | G4: Only matching spares displayed | M4: HOW TO TEST: 1. Navigate to PMS > Spares and select a vessel. 2. Use the search bar to search by part number. 3. Type a part number (or partial number). 4. VERIFY: The table filters to show matching parts. 5. Clear the search and VERIFY the full list returns.
A5: SP-004 | B5: Spares List | C5: Search by description | D5: High | E5: 1. Enter description keywords 2. Verify results | F5: Search: "O-ring" | G5: Matching spares shown | M5: HOW TO TEST: 1. Navigate to PMS > Spares. 2. Search by part name (e.g., "filter" or "gasket"). 3. VERIFY: Matching spare parts are displayed. 4. VERIFY: Partial name matches work.
A6: SP-005 | B6: Spares List | C6: Pagination | D6: Medium | E6: 1. Change items per page 2. Navigate pages | F6: 10, 25, 50, 100 per page | G6: Pagination works correctly | M6: HOW TO TEST: 1. Navigate to PMS > Spares. 2. Filter by component (if a component filter exists). 3. Select a component. 4. VERIFY: Only spares linked to that component are shown.
A7: SP-006 | B7: Spares List | C7: Total spares count | D7: Medium | E7: 1. View total count display 2. Apply filter and verify update | F7: N/A | G7: Total count shown. Updates with filters | M7: HOW TO TEST: 1. Navigate to PMS > Spares. 2. Look for a "Critical" filter or tab. 3. Apply it. 4. VERIFY: Only critical spares are shown. 5. Remove the filter and VERIFY all spares return.
A8: SP-007 | B8: Spares List | C8: Stock status - OK badge | D8: High | E8: 1. Identify spare with stock > min stock 2. Verify green "OK" badge | F8: Stock: 10, Min: 5 | G8: Green "OK" badge displayed | M8: HOW TO TEST: 1. Navigate to PMS > Spares. 2. Look for a "Low Stock" filter or indicator. 3. VERIFY: Spares where ROB <= Min Stock are highlighted or flagged. 4. VERIFY: The low stock indicator uses a visible color (red or amber).
A9: SP-008 | B9: Spares List | C9: Stock status - At Min badge | D9: High | E9: 1. Identify spare with stock = min stock 2. Verify orange "At Min" badge | F9: Stock: 5, Min: 5 | G9: Orange "At Min" badge displayed | M9: HOW TO TEST: 1. Navigate to PMS > Spares. 2. Click column headers to sort the table. 3. Try sorting by Part Number, Part Name, ROB. 4. VERIFY: Sorting works in ascending and descending order. 5. VERIFY: A sort indicator appears on the active column.
A10: SP-009 | B10: Spares List | C10: Stock status - Low badge | D10: High | E10: 1. Identify spare with stock < min stock but > 0 2. Verify red "Low" badge | F10: Stock: 2, Min: 5 | G10: Red "Low" badge displayed | M10: HOW TO TEST: 1. Navigate to PMS > Spares. 2. Change the vessel filter. 3. VERIFY: The spares list updates to show spares for the selected vessel. 4. VERIFY: Counts and data reflect the new vessel.
A11: SP-010 | B11: Spares List | C11: Stock status - Critical badge | D11: High | E11: 1. Identify spare with stock = 0 2. Verify dark red "Critical" badge | F11: Stock: 0 | G11: Dark red "Critical" badge displayed | M11: HOW TO TEST: 1. Navigate to PMS > Spares. 2. Look for an Export button. 3. Click to export the spares list. 4. VERIFY: A file downloads (Excel or CSV). 5. VERIFY: The exported data matches the on-screen data.
A12: SP-011 | B12: Spares List | C12: Filter by stock status | D12: Medium | E12: 1. Filter by OK status 2. Filter by Low 3. Filter by Critical | F12: Status: OK, Low, Critical | G12: Filter works. Count badges show number in each status | M12: HOW TO TEST: 1. Navigate to PMS > Spares. 2. Look for a total spares count display. 3. VERIFY: The count is visible and accurate. 4. Apply a filter and VERIFY the count updates.
A13: SP-012 | B13: Add Spare | C13: Create spare part | D13: High | E13: 1. Click "Add Spare Part" 2. Fill all required fields 3. Save | F13: Part No: TEST-001 Desc: Test Spare Min: 5 Max: 20 | G13: Spare created. Success message. Appears in list | M13: HOW TO TEST: 1. Navigate to PMS > Spares. 2. Click the "+ Add Spare" button. 3. VERIFY: An add spare form opens. 4. Fill in required fields: - Part Number - Part Name - Component (link to a component) - Unit of measure - Min Stock level - Initial ROB 5. Click Save. 6. VERIFY: The spare is created and appears in the list. 7. VERIFY: A success toast message appears.
... A41: SP-040 | B41: Bulk Update | C41: Bulk update spares | D41: Medium | E41: 1. Navigate to bulk update page 2. Update multiple spares 3. Save | F41: Multiple spares | G41: All spares updated. Individual success confirmations | M41: HOW TO TEST: 1. Navigate to PMS > Admin or Spares management. 2. Look for a "Bulk Import" or "Upload" option for spares. 3. If available, prepare a CSV/Excel file with multiple spare parts. 4. Upload the file. 5. VERIFY: All valid spares are imported. 6. VERIFY: Invalid entries are flagged with specific error messages. 7. VERIFY: A summary shows how many were imported vs rejected.

Sheet Stores Module
A1: Test Case ID | B1: Module/Section | C1: Test Scenario | D1: Priority | E1: Test Steps | F1: Test Data | G1: Expected Result | H1: Actual Result | I1: Pass/Fail | J1: Comments/Issues | K1: Tester Name | L1: Test Date | M1: How to Test
A2: ST-001 | B2: Stores List | C2: View all stores items | D2: High | E2: 1. Navigate to Stores module 2. Verify inventory list loads 3. Check columns | F2: Navigate to /stores | G2: Stores page loads with columns: Item Code, Description, Quantity, Unit, Location, Category | M2: HOW TO TEST: 1. Log in to RSMS and click "PMS" in the top menu bar. 2. In the left sidebar, click "Stores". 3. Select a vessel from the vessel dropdown. 4. VERIFY: The Stores inventory page loads showing a table of store items. 5. VERIFY: Columns include: Item Code, Item Name, Category/Type, ROB, Min Stock, Unit, Location. 6. VERIFY: Data loads without errors.
A3: ST-002 | B3: Stores List | C3: Search functionality | D3: High | E3: 1. Enter search term 2. Verify filtered results | F3: Search: "Lube Oil" | G3: Only matching store items displayed | M3: HOW TO TEST: 1. Navigate to PMS > Stores and select a vessel. 2. Use the search bar to search by item code. 3. VERIFY: The table filters to show matching items. 4. Clear the search and VERIFY the full list returns.
A4: ST-003 | B4: Stores List | C4: Vessel filter | D4: High | E4: 1. Select vessel from dropdown 2. Verify items filter | F4: Select: Vessel 3 | G4: Only stores items for selected vessel shown | M4: HOW TO TEST: 1. Navigate to PMS > Stores. 2. Search by item name (e.g., "rope" or "paint"). 3. VERIFY: Matching store items are displayed. 4. VERIFY: Partial name matches work.
A5: ST-004 | B5: Stores List | C5: Category filter | D5: Medium | E5: 1. Select category from dropdown 2. Verify results | F5: Category: Lube Oil | G5: Only items in selected category shown | M5: HOW TO TEST: 1. Navigate to PMS > Stores. 2. Look at pagination controls at the bottom. 3. VERIFY: Pagination works (Next, Previous, page numbers). 4. Change items per page. 5. VERIFY: Display updates accordingly.
A6: ST-005 | B6: Stores List | C6: Pagination | D6: Medium | E6: 1. Navigate through pages 2. Change items per page | F6: 10, 25, 50 per page | G6: Pagination works correctly | M6: HOW TO TEST: 1. Navigate to PMS > Stores. 2. Click column headers to sort. 3. VERIFY: Sorting works for Item Code, Item Name, ROB. 4. VERIFY: Sort indicators appear.
A7: ST-006 | B7: Add Store Item | C7: Create store item | D7: High | E7: 1. Click "Add Item" 2. Fill required fields 3. Save | F7: Code: ST-TEST-001 Desc: Test Item Qty: 100 Unit: Ltrs | G7: Item created. Success message. Appears in list | M7: HOW TO TEST: 1. Navigate to PMS > Stores. 2. Click "+ Add Item" or similar button. 3. VERIFY: An add form opens. 4. Fill in required fields: - Item Code - Item Name - Category/Type - Unit - Min Stock - Initial ROB 5. Click Save. 6. VERIFY: The item is created and appears in the list. 7. VERIFY: A success message appears.
A8: ST-007 | B8: Add Store Item | C8: Duplicate item code | D8: High | E8: 1. Enter existing item code 2. Try to save | F8: Code: [existing] | G8: Error: "Item code already exists" | M8: HOW TO TEST: 1. Open the Add Store Item form. 2. Leave required fields empty. 3. Click Save. 4. VERIFY: Validation errors appear. 5. VERIFY: The form does NOT save.
A9: ST-008 | B9: Add Store Item | C9: Empty mandatory fields | D9: High | E9: 1. Leave required fields empty 2. Try to save | F9: Empty fields | G9: Validation error messages shown | M9: HOW TO TEST: 1. Open the Add Store Item form. 2. Enter a duplicate item code. 3. Click Save. 4. VERIFY: The system prevents duplicates with an error message.
A10: ST-009 | B10: Add Store Item | C10: Negative quantity | D10: Medium | E10: 1. Enter negative quantity 2. Try to save | F10: Qty: -10 | G10: Error: quantity cannot be negative | M10: HOW TO TEST: 1. Add a store item with minimum valid data. 2. VERIFY: The item saves successfully. 3. Add another with maximum data (all optional fields filled). 4. VERIFY: All data saves correctly.
A11: ST-010 | B11: Update Quantity | C11: Stock In transaction | D11: High | E11: 1. Click "Stock In" for item 2. Enter quantity received 3. Enter date and supplier 4. Save | F11: Qty: 50 Date: today Supplier: Marine Supplies | G11: Quantity increases by 50. Transaction recorded | M11: HOW TO TEST: 1. Find a store item and look for "Update Quantity" or "Adjust Stock" option. 2. Enter a positive adjustment (stock in). 3. VERIFY: ROB increases. 4. Enter a negative adjustment (stock out). 5. VERIFY: ROB decreases. 6. VERIFY: Transactions are recorded in history.
A12: ST-011 | B12: Update Quantity | C12: Stock Out transaction | D12: High | E12: 1. Click "Stock Out" for item 2. Enter quantity issued 3. Enter issued to 4. Save | F12: Qty: 20 Issued to: Engine Room | G12: Quantity decreases by 20. Transaction recorded | M12: HOW TO TEST: 1. Find a store item with ROB of 5. 2. Try to decrease ROB by 10 (more than available). 3. VERIFY: The system prevents going below 0. 4. VERIFY: An error message appears.
A13: ST-012 | B13: Update Quantity | C13: Insufficient stock out | D13: Medium | E13: 1. Try to issue more than available 2. Verify error | F13: Available: 30, Issue: 50 | G13: Error: "Insufficient stock" or warning shown | M13: HOW TO TEST: 1. Update a store item's quantity. 2. VERIFY: The change is reflected immediately in the table. 3. Refresh the page. 4. VERIFY: The updated quantity persists.
... A26: ST-025 | B26: Edge Cases | C26: Very long item description | D26: Low | E26: 1. Create item with very long description 2. Verify display | F26: Description: 200+ chars | G26: Description truncated in list. Full text visible on detail view | M26: HOW TO TEST: 1. Add a store item with a very long name (200+ characters). 2. VERIFY: The item saves successfully. 3. VERIFY: The name displays correctly in the list (truncated if needed). 4. Add an item with special characters in the name. 5. VERIFY: Characters are preserved correctly.

Sheet Reports Module
A1: Test Case ID | B1: Module/Section | C1: Test Scenario | D1: Priority | E1: Test Steps | F1: Test Data | G1: Expected Result | H1: Actual Result | I1: Pass/Fail | J1: Comments/Issues | K1: Tester Name | L1: Test Date | M1: How to Test
A2: RPT-001 | B2: WO Reports | C2: Completion Report | D2: High | E2: 1. Navigate to Reports 2. Select "Completion Report" 3. Set date range 4. Generate | F2: Date: 01-Jan to 31-Mar-2026 | G2: Report generates with all completed WOs in range: dates, delays, missed cycles. Export available | M2: HOW TO TEST: 1. Log in to RSMS and click "PMS" in the top menu bar. 2. In the left sidebar, click "Reports". 3. VERIFY: The Reports module opens showing available report categories. 4. Look for "Work Order Reports" section. 5. Click on a WO report type (e.g., "Work Order Summary"). 6. VERIFY: The report generates and displays data.
A3: RPT-002 | B3: WO Reports | C3: Overdue Report | D3: High | E3: 1. Select "Overdue Work Orders Report" 2. Select vessel 3. Generate | F3: Vessel: Vessel 3 | G3: Shows all overdue WOs with days overdue, assigned to, priority. Sorted by most overdue | M3: HOW TO TEST: 1. Navigate to PMS > Reports. 2. Generate a Work Order Status report. 3. VERIFY: The report shows WOs grouped by status (Planned, Due, Overdue, Completed). 4. VERIFY: Counts and percentages are accurate. 5. VERIFY: The report matches the data on the Work Orders page.
A4: RPT-003 | B4: WO Reports | C4: Pending Approval Report | D4: Medium | E4: 1. Generate Pending Approval report 2. Verify grouping | F4: N/A | G4: Shows WOs pending approval grouped by vessel with submission dates | M4: HOW TO TEST: 1. Navigate to PMS > Reports. 2. Generate a Work Order Completion report for a specific date range. 3. VERIFY: Only WOs completed within the range are included. 4. VERIFY: Completion details (date, who, work done) are shown.
A5: RPT-004 | B5: WO Reports | C5: Export completion report to Excel | D5: High | E5: 1. Generate report 2. Click Export to Excel | F5: Click: Export | G5: Excel file downloads with report data | M5: HOW TO TEST: 1. Navigate to PMS > Reports. 2. Generate an Overdue Work Orders report. 3. VERIFY: All overdue WOs are listed. 4. VERIFY: The report shows days overdue for each WO. 5. VERIFY: Critical overdue items are highlighted.
A6: RPT-005 | B6: WO Reports | C6: Export completion report to PDF | D6: High | E6: 1. Generate report 2. Click Export to PDF | F6: Click: Export | G6: PDF file downloads with formatted report | M6: HOW TO TEST: 1. Navigate to PMS > Reports. 2. Generate a Work Order Trend report. 3. VERIFY: Monthly trends are shown (completions vs due vs overdue). 4. VERIFY: The chart (if present) accurately represents the data. 5. VERIFY: The date range can be adjusted.
A7: RPT-006 | B7: Component Reports | C7: Component maintenance history | D7: Medium | E7: 1. Select component 2. Set date range 3. Generate | F7: Component: Main Engine Date: 2025-2026 | G7: Shows all maintenance for component: frequency, avg delay, total RH, spares used | M7: HOW TO TEST: 1. Navigate to PMS > Reports. 2. Find and generate a "Component Report" or "Equipment Report". 3. VERIFY: The report lists all components with key information. 4. VERIFY: Component hierarchy is maintained. 5. VERIFY: Critical components are highlighted.
A8: RPT-007 | B8: Component Reports | C8: Export component report | D8: Medium | E8: 1. Generate component report 2. Export | F8: Click: Export | G8: File downloads with component maintenance data | M8: HOW TO TEST: 1. Generate a Component Maintenance History report. 2. Select a component or component group. 3. VERIFY: All maintenance activities are listed chronologically. 4. VERIFY: Details include: WO number, job title, completion date, work done.
A9: RPT-008 | B9: RH Reports | C9: Utilization report | D9: Medium | E9: 1. Select period and vessels 2. Generate RH utilization report | F9: Period: This Quarter All vessels | G9: Shows utilization rate per component. Bar chart. Fleet average calculated | M9: HOW TO TEST: 1. Navigate to PMS > Reports. 2. Find and generate a "Running Hours Report". 3. VERIFY: Current RH for all tracked components is listed. 4. VERIFY: Utilization rates are shown. 5. VERIFY: Last updated dates are accurate.
A10: RPT-009 | B10: RH Reports | C10: RH trend report | D10: Medium | E10: 1. Select component and date range 2. Generate trend | F10: Component: [selected] Range: 6 months | G10: Line chart showing RH increase. Identifies abnormal patterns | M10: HOW TO TEST: 1. Generate an RH History report for a specific component. 2. VERIFY: All RH update events are listed. 3. VERIFY: Old and new values are shown for each update. 4. VERIFY: The source of each update (manual, cascade, WO) is indicated.
A11: RPT-010 | B11: RH Reports | C11: Export RH report | D11: Medium | E11: 1. Generate RH report 2. Export | F11: Click: Export | G11: File downloads with RH data | M11: HOW TO TEST: 1. Generate an RH Utilization report. 2. VERIFY: The report shows utilization rates by component. 3. VERIFY: The selected period (weekly/monthly/etc.) is reflected. 4. VERIFY: High-utilization components are highlighted.
A12: RPT-011 | B12: Spares Reports | C12: Consumption report | D12: Medium | E12: 1. Set date range 2. Generate spares consumption report | F12: Date: 01-Jan to 31-Mar-2026 | G12: Shows: Part No, Desc, Qty Used, Value, WOs. Most consumed ranking | M12: HOW TO TEST: 1. Navigate to PMS > Reports. 2. Find and generate a "Spares Report" or "Inventory Report". 3. VERIFY: All spare parts are listed with current ROB. 4. VERIFY: Min stock levels are shown. 5. VERIFY: Low stock items are flagged.
A13: RPT-012 | B13: Spares Reports | C13: Low stock report | D13: High | E13: 1. Generate low stock report | F13: N/A | G13: Shows all spares below min stock. Critical stock (0) items. Recommended order qty | M13: HOW TO TEST: 1. Generate a Spares Consumption report. 2. Select a date range. 3. VERIFY: All spare consumption (from WOs and manual issues) is listed. 4. VERIFY: Quantities consumed are accurate. 5. VERIFY: The report shows which WOs consumed spares.
... A36: RPT-035 | B36: Report Formatting | C36: Chart legends and labels | D36: Low | E36: 1. View report with chart visualizations 2. Verify legends and axis labels | F36: Any chart report | G36: Charts have proper legends, axis labels, and title. Colors match data series | M36: HOW TO TEST: 1. Export a report to both Excel and PDF formats. 2. Compare the content. 3. VERIFY: Both formats contain the same data. 4. VERIFY: Excel has sortable columns. 5. VERIFY: PDF has proper page breaks and formatting.

Sheet Dashboard & Notifications
A1: Test Case ID | B1: Module/Section | C1: Test Scenario | D1: Priority | E1: Test Steps | F1: Test Data | G1: Expected Result | H1: Actual Result | I1: Pass/Fail | J1: Comments/Issues | K1: Tester Name | L1: Test Date | M1: How to Test
A2: DASH-001 | B2: Dashboard Overview | C2: View main dashboard | D2: High | E2: 1. Navigate to Dashboard from sidebar 2. Verify page loads completely 3. All tiles/widgets visible | F2: Navigate to / | G2: Dashboard loads. All widgets visible. No loading errors | M2: HOW TO TEST: 1. Log in to RSMS and click "PMS" in the top menu bar. 2. In the left sidebar, click "Dashboard" (it should be the default page). 3. Select a vessel from the vessel dropdown. 4. VERIFY: The Dashboard loads showing overview tiles, charts, and widgets. 5. VERIFY: Key sections are visible: KPI tiles at the top, status distribution chart, trend chart, overdue WOs widget.
A3: DASH-002 | B3: Dashboard Overview | C3: Overview tab active by default | D3: High | E3: 1. Open Dashboard 2. Verify "Overview" tab is selected | F3: N/A | G3: Overview tab selected by default. Overview content displayed | M3: HOW TO TEST: 1. Navigate to PMS > Dashboard. 2. Select a specific vessel. 3. VERIFY: Dashboard data updates to reflect the selected vessel. 4. Switch to a different vessel. 5. VERIFY: All tiles, charts, and widgets refresh with the new vessel's data.
A4: DASH-003 | B4: Dashboard Overview | C4: Management tab | D4: Medium | E4: 1. Click "Management" tab 2. Verify management view loads | F4: Click: Management | G4: Management view loads with superintendent-related content | M4: HOW TO TEST: 1. Navigate to PMS > Dashboard. 2. Select "All Vessels" from the vessel dropdown. 3. VERIFY: Dashboard shows aggregated data across all vessels. 4. VERIFY: A Fleet Comparison table appears showing each vessel's KPIs. 5. VERIFY: You can click a vessel name in the fleet table to drill down.
A5: DASH-004 | B5: Dashboard Overview | C5: All Vessel vs My Vessel toggle | D5: High | E5: 1. Click "All Vessel" button 2. Click "My Vessel" button 3. Verify data changes | F5: Click: All Vessel / My Vessel | G5: Dashboard data updates based on vessel scope selection | M5: HOW TO TEST: 1. Navigate to PMS > Dashboard. 2. Look at the overall layout. 3. VERIFY: KPI tiles are at the top. 4. VERIFY: Charts (pie chart, trend) are in the middle section. 5. VERIFY: Detail widgets (overdue list, inventory) are below. 6. VERIFY: The layout is organized and all sections are readable.
A6: DASH-005 | B6: WO KPIs | C6: Overdue WOs tile | D6: High | E6: 1. View Overdue WOs KPI tile 2. Verify count and percentage 3. Click tile | F6: N/A | G6: Shows count of overdue WOs, percentage of total. Circular progress indicator. Clickable to view list | M6: HOW TO TEST: 1. Navigate to PMS > Dashboard and select a vessel. 2. Find the "Overdue WOs" KPI tile. 3. VERIFY: It shows the count of overdue work orders. 4. VERIFY: The count matches the Overdue tab count on the Work Orders page. 5. VERIFY: The tile has a colored indicator (red if overdue count > 0).
A7: DASH-006 | B7: WO KPIs | C7: Completion rate tile | D7: High | E7: 1. View Completion Rate tile 2. Verify calculation | F7: N/A | G7: Shows completion percentage. Total WOs vs completed. Circular progress indicator | M7: HOW TO TEST: 1. Navigate to PMS > Dashboard and select a vessel. 2. Find the "Completion Rate" or "Compliance" KPI tile. 3. VERIFY: It shows a percentage value. 4. VERIFY: The percentage = (completed on time / total due) * 100. 5. VERIFY: The gauge or progress indicator reflects the rate.
A8: DASH-007 | B8: WO KPIs | C8: Outstanding tasks tile | D8: Medium | E8: 1. View Outstanding Tasks tile 2. Verify count and trend | F8: N/A | G8: Shows pending tasks count. Trend vs last month shown | M8: HOW TO TEST: 1. Navigate to PMS > Dashboard. 2. Find the "Outstanding Tasks" or similar KPI tile. 3. VERIFY: It shows the count of open/pending work orders. 4. VERIFY: The count is consistent with Work Orders page data.
A9: DASH-008 | B9: Status Distribution | C9: Status pie chart | D9: High | E9: 1. View Work Order Status Distribution chart 2. Verify segments | F9: N/A | G9: Pie chart shows: Overdue, Due, Pending Approval, Completed. Color-coded segments with legend | M9: HOW TO TEST: 1. Navigate to PMS > Dashboard. 2. Find the Status Distribution pie chart. 3. VERIFY: The chart shows slices for: Planned, Due, Overdue, Pending Approval, Completed. 4. VERIFY: Slice sizes are proportional to the actual counts. 5. VERIFY: Each slice has a distinct color matching the status badge colors. 6. VERIFY: A legend is visible identifying each slice.
A10: DASH-009 | B10: Status Distribution | C10: Click pie segment filters WOs | D10: Medium | E10: 1. Click "Overdue" segment on pie chart 2. Verify navigation/filtering | F10: Click: Overdue segment | G10: Navigates to WO list filtered by Overdue status | M10: HOW TO TEST: 1. On the Dashboard, look at the Status Distribution pie chart. 2. Click on a pie segment (e.g., "Overdue"). 3. VERIFY: Clicking navigates to the Work Orders page filtered by that status. 4. VERIFY: The Work Orders page shows the correct tab/filter pre-selected.
A11: DASH-010 | B11: Status Distribution | C11: Hover shows percentage | D11: Medium | E11: 1. Hover over pie chart segments 2. Verify tooltips | F11: Hover on segments | G11: Tooltip shows count and percentage for each status | M11: HOW TO TEST: 1. On the Dashboard, hover over each slice of the Status Distribution pie chart. 2. VERIFY: A tooltip appears showing the exact count and percentage for that status. 3. VERIFY: The tooltip is readable and positioned correctly. 4. Hover over different slices and VERIFY each shows accurate data.
A12: DASH-011 | B12: Maintenance Trends | C12: 6-month trend chart | D12: Medium | E12: 1. View maintenance trend line chart 2. Verify data lines | F12: N/A | G12: Shows Completed %, Outstanding %, Overdue % over 6 months. Multiple color-coded lines | M12: HOW TO TEST: 1. Navigate to PMS > Dashboard. 2. Find the 6-month trend chart (line or bar chart). 3. VERIFY: It shows maintenance activity over the last 6 months. 4. VERIFY: Each month has a data point. 5. VERIFY: The chart shows completions, overdue count, or compliance rate trend. 6. VERIFY: The x-axis shows month labels, y-axis shows counts or percentages.
A13: DASH-012 | B13: Maintenance Trends | C13: Hover shows exact values | D13: Medium | E13: 1. Hover over trend chart points 2. Verify exact values | F13: Hover on data points | G13: Tooltip shows exact percentage for each month | M13: HOW TO TEST: 1. On the Dashboard trend chart, hover over data points. 2. VERIFY: A tooltip appears showing the exact value for that month. 3. VERIFY: Values are formatted correctly (counts as integers, rates as percentages). 4. Hover over different months and VERIFY accuracy.
... A53: DASH-052 | B53: Chatbot | C53: Chat button hidden (non-Sail Admin) | D53: High | E53: 1. Login as Client Admin 2. Check bottom-right corner | F53: Login: Client Admin | G53: No chat button visible anywhere on dashboard | M53: HOW TO TEST: 1. Log in as a NON-Sail Admin user. 2. Navigate to any page. 3. Look for the chat button in the bottom-right corner. 4. VERIFY: The chat button is NOT visible. 5. VERIFY: There is no way to access the AI chat feature. 6. Log in as Sail Admin and VERIFY the button IS visible.
